{"episode/reward":0.8315003078128392,"training/loss":0.0002716362942010164,"episode/steps":40,"global_step":199999,"_timestamp":1.7532165220670497e+09,"_runtime":15368,"episode":4999,"_step":54739,"target_network_updates":5000,"training/learning_rate":6.561000000000002e-05,"training/epsilon":0.01003599999999999,"training/td_error_mean":0.002141039352864027,"_wandb":{"runtime":15368},"episode/smiles":"CCC(CC)(CN1C2=NNC3=COC1N3C2)C1CCOC1"}